company,job_name,salary,city,work_years,education,desc
company,job_name,salary,city,work_years,education,desc
码博科技,Python,8K-16K,苏州,1-3年,本科,"['# 技能要求', '- Python及常用库', '- Javascript、PLV8', '- Database：PostgreSQL、Oracle、SQL Server', '- OpenResty、Lua', '- Redis', '# 业务领域', '- 达索Apriso实施', '- 码博MES开发及实施', '- 码博设备监控系统开发及实施', 'Python作为主要开发语言']"
晟盾,Python爬虫工程师,4K-6K,太原,经验不限,本科,"['岗位描述：', '1、\t负责设计和开发分布式网络爬虫系统，进行多平台信息的抓取和分析工作；', '2、\t负责网页信息和APP数据抽取、清洗、消重等工作，提升平台的抓取效率', '3、\t各类互联网数据接口的采集抓取', '4、\t研发核心算法，设计策略优化，提升爬虫抓取效果', '岗位要求：', '1、\t本科以上，计算机相关专业，可接受应届生', '2、\t理解http，熟悉html, DOM, xpath, scrapy，scrapy-redis优先', '3、\t深入理解网络爬虫原理，有丰富的数据爬取、解析、清洗、存储相关项目经验；熟悉常见的反爬虫技术及其突破方案', '4、\t熟悉APP模拟及接口验签破解技术，了解APP用户授权访问机制，掌握Selenium，APP，验证码破解技术优先', '5、\t熟悉linux开发环境，熟练使用MySQL数据库和Redis数据库，了解优化方法', '6、\t熟悉多线程/多进程等，熟悉 httpclient, selenium 等网页获取技术', '7、\t学习能力强，较好的沟通能力']"
信盈达,Python工程师,6K-12K,郑州,1-3年,本科,"['1、本科以上学历，计算机，信息类专业。', '2、一年以上相关工作经验。', '3、熟悉前端开发，爬虫，后台数据库，数据挖掘，机器学习算法等', '4、有语音识别、处理，图像处理经验优先。']"
文思海辉,python自动化测试,7K-12K,西安,1-3年,本科,"['要求： 1、本科以上学历，工作经验1年以上；', '2、熟悉Python、能编写脚本，熟悉自动化测试框架robotframework。', '3、具备良好的团队协作能力，并具有较强的学习能力。']"
Tokenmania,Python开发工程师/高频量化策略开发,25K-40K,北京,经验不限,本科,"['职责描述：', '1.参与公司数字货币量化交易策略与业务实现，回测与分析。', '2.负责高频数据量化策略研究与开发。', '高频交易', '任职要求：', '1.精通Python语言开发，精通Python下的多线程/多进程开发，网络通信。', '2.熟悉算法与数据结构，有OI经验为佳', '3.熟练使用Python下的Numpy，Scipy等科学计算库，掌握PyPy/CPython，', '加分项：', '1.数学功底扎实，掌握Matlab/R等数据分析工具，具有基本的金融二级市场交易知识。', '2.有高频量化交易策略开发经验，有数字货币程序化交易经验者优先。', '3.精通c/c++, c#, golang等']"
北京天润融通,python开发实习生,4K-8K,北京,应届生,本科,"['职位诱惑：', '定期培训/定期团建/提供工作餐/牛人mentor/租房补助/可转正', '职位描述：', '岗位职责', '1.参与公司数据平台建设，负责后端代码编写；', '2.与产品、技术对接，并调试后端接口；', '3.表现优秀会有机会参加平台建设方面的工作。', '任职资格', '1.至少掌握一门编程语言，有编程经验。会python、django者优先；', '2.熟练使用sql语言，了解索引；', '3.有较强的责任心和上进心；', '团队融洽，老板民族，']"
成都魔力百聚,Python开发工程师,5K-8K,成都,1-3年,本科,"['1、扎实的Python编程基础，热爱编程，代码风格良好;', '2、熟悉常见python web框架(Flask/Django等)，熟悉RESTful API的开发思想;', '3、熟悉Linux操作系统，了解docker，能够进行日常服务的测试部署;', '4、熟悉关系／非关系型数据库的使用，了解基本的设计、优化原则;', '5、良好的自学能力、独立解决问题的能力及沟通与团队协作能力;', '6、对开源软件、敏捷开发方法有特别兴趣，开源社区贡献者优先考虑;', '7、热爱编程,需要有良好的自学能力；', '8、能熟练使用Linux/Mac环境编程;']"
company,job_name,salary,city,work_years,education,desc
码博科技,Python,8K-16K,苏州,1-3年,本科,"['# 技能要求', '- Python及常用库', '- Javascript、PLV8', '- Database：PostgreSQL、Oracle、SQL Server', '- OpenResty、Lua', '- Redis', '# 业务领域', '- 达索Apriso实施', '- 码博MES开发及实施', '- 码博设备监控系统开发及实施', 'Python作为主要开发语言']"
晟盾,Python爬虫工程师,4K-6K,太原,经验不限,本科,"['岗位描述：', '1、\t负责设计和开发分布式网络爬虫系统，进行多平台信息的抓取和分析工作；', '2、\t负责网页信息和APP数据抽取、清洗、消重等工作，提升平台的抓取效率', '3、\t各类互联网数据接口的采集抓取', '4、\t研发核心算法，设计策略优化，提升爬虫抓取效果', '岗位要求：', '1、\t本科以上，计算机相关专业，可接受应届生', '2、\t理解http，熟悉html, DOM, xpath, scrapy，scrapy-redis优先', '3、\t深入理解网络爬虫原理，有丰富的数据爬取、解析、清洗、存储相关项目经验；熟悉常见的反爬虫技术及其突破方案', '4、\t熟悉APP模拟及接口验签破解技术，了解APP用户授权访问机制，掌握Selenium，APP，验证码破解技术优先', '5、\t熟悉linux开发环境，熟练使用MySQL数据库和Redis数据库，了解优化方法', '6、\t熟悉多线程/多进程等，熟悉 httpclient, selenium 等网页获取技术', '7、\t学习能力强，较好的沟通能力']"
信盈达,Python工程师,6K-12K,郑州,1-3年,本科,"['1、本科以上学历，计算机，信息类专业。', '2、一年以上相关工作经验。', '3、熟悉前端开发，爬虫，后台数据库，数据挖掘，机器学习算法等', '4、有语音识别、处理，图像处理经验优先。']"
文思海辉,python自动化测试,7K-12K,西安,1-3年,本科,"['要求： 1、本科以上学历，工作经验1年以上；', '2、熟悉Python、能编写脚本，熟悉自动化测试框架robotframework。', '3、具备良好的团队协作能力，并具有较强的学习能力。']"
Tokenmania,Python开发工程师/高频量化策略开发,25K-40K,北京,经验不限,本科,"['职责描述：', '1.参与公司数字货币量化交易策略与业务实现，回测与分析。', '2.负责高频数据量化策略研究与开发。', '高频交易', '任职要求：', '1.精通Python语言开发，精通Python下的多线程/多进程开发，网络通信。', '2.熟悉算法与数据结构，有OI经验为佳', '3.熟练使用Python下的Numpy，Scipy等科学计算库，掌握PyPy/CPython，', '加分项：', '1.数学功底扎实，掌握Matlab/R等数据分析工具，具有基本的金融二级市场交易知识。', '2.有高频量化交易策略开发经验，有数字货币程序化交易经验者优先。', '3.精通c/c++, c#, golang等']"
北京天润融通,python开发实习生,4K-8K,北京,应届生,本科,"['职位诱惑：', '定期培训/定期团建/提供工作餐/牛人mentor/租房补助/可转正', '职位描述：', '岗位职责', '1.参与公司数据平台建设，负责后端代码编写；', '2.与产品、技术对接，并调试后端接口；', '3.表现优秀会有机会参加平台建设方面的工作。', '任职资格', '1.至少掌握一门编程语言，有编程经验。会python、django者优先；', '2.熟练使用sql语言，了解索引；', '3.有较强的责任心和上进心；', '团队融洽，老板民族，']"
成都魔力百聚,Python开发工程师,5K-8K,成都,1-3年,本科,"['1、扎实的Python编程基础，热爱编程，代码风格良好;', '2、熟悉常见python web框架(Flask/Django等)，熟悉RESTful API的开发思想;', '3、熟悉Linux操作系统，了解docker，能够进行日常服务的测试部署;', '4、熟悉关系／非关系型数据库的使用，了解基本的设计、优化原则;', '5、良好的自学能力、独立解决问题的能力及沟通与团队协作能力;', '6、对开源软件、敏捷开发方法有特别兴趣，开源社区贡献者优先考虑;', '7、热爱编程,需要有良好的自学能力；', '8、能熟练使用Linux/Mac环境编程;']"
乐而知教育,Python,4K-8K,郑州,3-5年,本科,"['岗位职责：', '1.负责设计和开发分布式网络爬虫系统，进行多平台信息的抓取和分析工作；', '2.负责网页信息和APP数据抽取、清洗、消重等工作，提升平台的抓取效率；', '3.参与爬虫核心算法和策略优化，熟悉采集系统的调度策略；', '4.实时监控爬虫的进度和警报反馈；', '任职要求：', '1.熟悉Python语言；', '2.了解多线程、多进程、网络通信编程相关知识，有爬虫开发经验者优先；', '3.掌握网页抓取原理及技术，了解基于Cookie的登录原理，熟悉基于正则表达式、XPath、CSS等网页信息抽取技术；', '4.熟悉APP模拟及接口认证技术，了解APP用户授权访问机制，掌握Selenium，了解APP破解技术者优先；', '5.做过数据处理、ETL等相关工作者优先。', '福利待遇', '1 、月薪：5-10K', '2、 五险、餐补', '3、 国家法定节假日', '4、 项目股权、项目期权', '5、 绩效津贴', '6、年度旅游']"
网宿科技,Python研发工程师,10K-20K,厦门,经验不限,本科,"['岗位职责：', '1.参与边缘计算项目的开发运营工作，含IaaS、PaaS服务，函数计算等;', '任职要求：', '1、本科以上学历，计算机、软件工程或相关专业毕业；', '2、三年以上软件开发工作经验，有云计算、虚拟化、容器相关开发经验者优先；', '3、对计算机相关基础知识有较好理解，了解常用数据结构和算法；', '4、熟悉Linux操作系统，熟悉Oracle/mysql等数据库；', '5. 有良好的团队合作精神，有责任感，有较好的沟通能力，主动性强']"
软通动力,Python,6K-12K,西安,1-3年,本科,"['熟悉XML，YAML，python', '了解VNFD，有测试懂环境搭建的，愿意转的优先；', '沟通能力强，男生，']"
广州智品网络科技公司,Python开发,15K-20K,广州,3-5年,本科,"['岗位描述', '1.根据职级加入到团队中，根据资深程度来做分派；', '2.负责业务系统的架构设计以及核心功能模块的实现；', '3.持续重构与维护功能模块，保持可用性、稳定性及扩展性，解决性能瓶颈。', '任职要求', '1. 计算机相关本科或者以上学历，3年以上web产品服务器后端开发经验；', '2. 熟悉Python/Golang语言编程，熟悉最少一种常用的开发框架；', '3. 熟悉Mysql，有大量数据的处理经验；', '4. 熟悉在Unix/Linux平台下开发，了解常用的Shell命令、Git命令；', '5. 熟悉架构设计、概要设计和详细设计，独自承担过大型项目的架构设计；', '6. 对代码和设计质量有严格要求，重视Code Review，知道良好的编程习惯的标准。', '智品网络是一家海外互联网平台，目前拥有3款自研产品：输入法、游戏、应用商店，公司非常强调产品导向和工程师氛围。我们不强调加班，但非常强调目标；我们不在乎经验，但非常看重思考能力、好奇心、专业基础知识。我们希望成为适合工程师工作的公司。期待有共同价值观的你加入！']"
源码时代,Python,10K-19K,成都,3-5年,大专,"['1. 表达能力强，个性开朗，乐于与人交流。', '2. 熟练使用Linux/Unix系统，Linux/Mac 作为开发环境', '3. 3年以上相关工作经验，扎实的python基础，熟悉Django、tornado、web.py等web框架中的一种；', '4. 熟悉MySQL、Redis、mongo之一，熟悉数据库索引；', '5. 熟悉数据结构和算法，有扎实的计算机功底和强大的编码能力；', '6. 熟悉项目开发流程，熟练使用CVS/SVN等版本控制软件。', 'nice的老板 、管理人员，融洽的工作氛围，工作超舒心']"
蚂蚁金服,Python,18K-36K,杭州,3-5年,本科,"['职位BASE：', '杭州/上海/深圳/成都', '岗位描述：', '主要从事蚂蚁高可用平台/DEVOPS平台研发工作，欢迎大家踊跃投递简历', '招聘岗位：python开发工程师', '1. 计算机相关专业本科及以上学历', '2. 精通Python，2年以上Python后台开发经验，具有良好的编码习惯；', '3. 精通Python服务端编程，精通网络编程；', '4. 熟悉Django/flask等web开发框架；', '5. 熟悉Unix/Linux操作系统下的开发、部署、维护等工作；', '6. 具有AWS、Google Cloud Platform使用经验者优先；', '7. 具有开源项目开发经验者优先；', '8. 具有良好的团队协作、沟通能力，乐于分享，良好的客户服务意识']"
济南多大,Python开发,8K-9K,济南,经验不限,不限,"['我们希望你：', '丰富的 Python 编程经验', '熟悉关系数据库和 NoSQL 知识', '聪明，自信，善于分析和解决问题，优秀的学习能力，热爱技术', '加分项：', '喜欢研究算法或者图像处理', '有地理数据处理或者数据的图像处理经验', '熟悉 djiango 或者 flask 框架', '熟悉 web 网络相关知识', '开源爱好者、贡献者或喜欢业余时间做些有趣的项目', '工资标准，5000~16000元/月', '具体薪酬待遇面议。']"
通津网络,python,10K-15K,天津,1-3年,本科,"['工作职责:', '1、研发自动化运维平台和工具，提高运维、开发协作效率，规范操作流程，ERP等SaaS平台底层相关业务逻辑的研发经验；', '2、研发基础服务组件，解决运维和测试实际需求，减少重复开发与运维；', '3、评估系统性能和运行状态，建立量化指标，用数据指导优化；', '任职资格:', '1、具有二年以上Python软件开发或系统应用管理经验，有odoo系统开发经验；', '2、熟练掌握Python语言，熟悉Django,flask等框架；', '3、熟悉常用的CI工具,Jenkins,git,maven等；', '4、具有良好的沟通协调能力、较强的团队合作精神、优秀的执行能力；', '5、强烈的责任心和敬业精神，结果导向型思维；', '6、熟悉以下平台或技术优先：', '1) 有自动化部署和自动化运维经验（代码发布、资产配置管理、自动监控脚本编写等）', '2) 熟悉以下关键词：Devops/Docker/Ansible', '3) 熟悉前端技术，如CSS，JQuery，bootstrap等，熟悉HTTP协议及W3C相关互联网规范；', '7、有高并发处理经验、分布式架构经验优先，拥抱开源，有 Github 项目加分。']"
勤智数码科技,初级Python开发工程师,8K-12K,成都,3-5年,本科,"['岗位数：1人 （2018/9/3 更新）', '主要工作职责', '- 为某大型合资公司做软件开发外包工作', '- 负责云计算管理平面软件的设计，开发，调试，或参与系统测试工作', '- 根据项目要求，需要去现场项目做支持工作', '主要技能要求', '- 熟悉python脚本语言,有3年及以上实际Python开发经验', '- 熟悉OpenStack或CloudStack，有相关开发经验', '- 熟悉Linux平台，最好有管理员工作经验', '- 能很好地进行技术性交流和沟通']"
西部绿谷节水技术,Python,6K-8K,银川,经验不限,本科,"['岗位职责：', '1. 参与项目需求分析，业务逻辑流程与设计，文档编写；', '2. 负责系统开发，维护现有的项目和系统；', '任职要求：', '1. 熟悉Python，掌握基本数据结构，熟悉标准数据库，认同Python设计理念；（编程语言）', '2. 熟悉常见的Python框架，熟悉Tornado，django优先；（服务框架）', '3. 熟悉常见的数据库，熟练掌握Mysql，Mongodb，Redis者优先', '（数据库）', '4. 掌握Linux操作系统，熟悉ngin\u2006x，WSGI,理解TCP,HTTP等网络协议；', '5. 具有良好的编码习惯，文档书写习惯，优秀的团队合作和独立抗压能力，善于学习，乐于分享', '2014年西部绿谷公司获得第二届中国农业科技企业创业创新大赛初创组第二名，是宁夏科技厅认定的农业“科技特派员”企业。']"
数拓科技,Python开发工程师,8K-16K,西安,经验不限,本科,"['工作内容：1. 负责平台系统核心业务的架构设计与研发；', '2. 根据产品需求，团队讨论分析，给出解决方案，并实现；', '3. 对接负责项目，沟通，分享。', '任职要求：', '1. 热爱编程，强烈渴望学习和应用新技术；独立解决问题的偏执狂加分。', '2. 1年以上计算机网络开发相关经验，有python语言背景及linux平台服务器熟练商业项目级别工作经验；', '有碾压linux变态潜力性能经验者加分；', '3. 熟悉关系数据库及文本类数据库相关开发能力；有开发MongoDB 或 CouchDB插件者加分；', '4. 有搜索引擎或大型数据抓取分析的相关工作经验者优先；有高并发交易类项目经验者加分；', '5.有大数据挖掘或神经计算网络项目经验者优先；', '6. 热爱黑客马拉松或喜欢PK代码性能者，有VIP通道直达。']"
虎赞科技,Python服务端开发工程师,10K-20K,福州,1-3年,大专,"['岗位描述：', '1、负责服务端研发工作；', '2、根据产品需求，进行系统设计和编码；', '3、持续对系统架构进行改造和优化；', '岗位要求：', '1. 熟练掌握Unix/Linux平台上的Python编程; 熟悉常用模块的使用，了解内部实现，熟悉python的高级用法和性能优化；', '2. 熟练掌握MySQL数据库，具备MySQL索引优化、查询优化的能力；', '3. 对http协议和web服务有较深刻的理解，熟悉RESTful规范；', '4. 熟悉Django、Flask等Python Web开发框架；', '5. 熟练掌握一种以上非关系型数据库，如Redis、Mongodb，理解其使用场景及限制；', '6. 熟悉 Git 和 Pull Request 流程', '7. 有良好的团队合作精神，对工作，产出和自己的代码有责任感，有较好的沟通能力', '福利待遇：', '√ 社会保险--这是必须的;', '√ 公积金--有有有;', '√ 法定节假日--该有的一样不会少;', '√ 节日福利--过节有福利，大家更开心;']"
多益网络,Python开发工程师,10K-15K,广州,1-3年,本科,"['岗位职责：', '负责游戏自行化测试工具及平台的后台开发工作，dev-ops+测试自动化', '任职要求：', '1、大学本科及以上学历，计算机相关专业毕业；', '2、熟练掌握Python编程，有一定的web后台开发经验者尤佳；', '3、热爱游戏，对参与游戏自动化测试开发领域有热忱。', '高速发展，高薪诚聘，明星产品']"
青岛一点即付,Python,5K-6K,青岛,1-3年,大专,['微信公众号相关开发，后端数据库要求MySQL及redis等配合。熟悉wsgi和webservice的优先。']
游戏开发,Python,10K-15K,郑州,1年以内,本科,['做棋牌游戏开发，技术总监']
术本资产,Python,5K-7K,郑州,1-3年,本科,['协助开发维护迭代量化交易系统(python) 协助交易员和策略师进行市场数据的准备和梳理 使用python编写交易软件的GUI 维护非关系型数据库Mangodb']
铕人网络,Python开发,13K-21K,杭州,1-3年,本科,"['职位描述：', '岗位职责:', '1. 根据灵活多变的业务需求，进行网络服务的后端开发。', '2. 针对高并发的业务需求，分析系统瓶颈，解决各种疑难杂症。', '岗位要求:', '1. 熟悉linux下Web服务开发，熟悉Python，Java，C/C++任一种语言即可。', '2. 熟悉web后端技术架构，有Web服务开发经验者优先。', '3. 有分布式系统开发，服务性能调优，前端开发，NoSQL使用经验者优先，对开源软件、敏捷开发方法有特别兴趣者优先。', '4. 有强烈的责任感和对技术的热情，较强的coding能力，有Geek精神者优先。']"
eDragonConnect,高级 Python 工程师,8K-16K,珠海,1-3年,不限,"['高级 Python 工程师', '1 ，喜欢写代码并以此为乐趣；', '2 ，熟悉 python ，可以使用这门编程语言完成日常工作；', '3 ，熟悉 mongodb/redis 的设计使用，根据任务需求，可基于 mongodb ，提供合理的数据结构设计及存储方案；', '4 ，了解 nginx 日常的维护及配置；', '5 ，对自己、团队合作有责任心，乐于沟通，能够承诺工作任务，勇于挑战；', '6 ，拥有快速解决问题能力，对工作、软件开发有创意与热情是加分项；', '7 ，坚持学习、阅读查看英文原版书籍是加分项；', '8 ,  欢迎能够技术转向的同学', '如果你喜欢编程，对自己有信心，富有激情，学习、上手能力强，如果可以也请给我们一份你的简历。', '我们是一支年轻且有激情的团队，我们致力通过互联网技术IT智能技术等帮助酒店度假区旅游业提升业务。我们已经帮客户创造了 10 倍以上的业务增长成绩，我们正为下一个更有突破的目标在努力中，目前我们主要的客户包括澳门金沙度假区，澳门巴黎人度假区，新加坡滨海湾金沙，嘉年华，公主邮轮等全球范围内合作伙伴']"
万卷,python开发,10K-20K,长沙,1-3年,大专,"['至少满足下面三个招聘方向中的一条。', '招聘主要方向：', '一.python web高级讲师', '职位要求：', '1.精通Python,具有python web开发经验，有参与多个完整的项目生命周期的经历', '2.熟悉web开发流程，熟悉 python网络常用库', '3.熟悉nginx等主流服务器，wsgi网关接口以及数据库（sql和nosql）相关知识', '4.掌握django，flask，tornado主流框架至少一种，并使用这些框架开发过完整商业项目', '5.掌握缓存，安全，部署发布项目等', '6.熟悉了解前端开发技能优先', '7.熟悉c语言优先', '二.python爬虫高级讲师', '职位要求：', '1.精通Python，熟悉python常用网络库', '2.精通主流python爬虫框架，如（Scrapy框架，splinter框架等）', '3.掌握分布式爬虫架构，有爬虫框架二次开发经验者优先', '4.具有大规模网页爬虫开发经验', '5.对算法设计和数据结构有深刻的理解', '6.熟悉TCP/IP网络协议,熟悉Linux操作系统', '7.熟悉多线程编程，有数据挖掘经验者优先', '8.熟悉c语言优先', '三.python自动化运维高级讲师', '职位要求：', '1.精通Python，有相关自动化运维平台开发实际工作经验', '2.熟悉ansilbe，zabbix，ELK，Ganglia、Nagios等运维工具及使用API集成开发', '3.深入理解Linux操作系统，具备系统运维工作经验', '4掌握常用数据库相关知识（sql和nosql）', '5.熟悉网络基础知识，有数据处理、监控系统相关经验', '6.熟悉Docker及其开源调度系统优先', '7.熟悉c语言优先', '岗位职责：', '1.按照教学大纲高质量完成日常授课任务；', '2.负责python相关课程培训、课程方案编写以及课件开发工作；', '3.根据教学安排进行备课，完善授课讲义等资料，积极主动完成课程教学、辅导工作；', '4.积极参与部门内训，保持技术先进性；', '5.参与教学项目案例研发工作，配合完成相关的教学资料的研发工作；', '6.部门安排的其他相关工作。']"
天津出行,Python,8K-15K,天津,1-3年,本科,"['1.开发和维护网络传输模块', '2.附则模块的跨平台移植', '3.熟练掌握1门编程语言', '4.熟练掌握多线程，及多线程间的通信方式', '5.熟悉常见的网络IO复用模型，写过异步框架的程序', '6.熟悉：TCP，ip协议栈（tcp\u3000udp\u3000http）']"
高重信息科技,Python,10K-15K,无锡,3-5年,本科,['ai的视频处理方向']
宽潮科技,Python,4K-8K,深圳,1年以内,本科,"['1. 熟练使用python开发，熟悉linux环境，debian系统。', '2. 熟悉机器学习，有神经网络开发经验更佳。', '3. 数学统计背景更佳，有数学理论基础。']"
帝光科技,Python 工程师,8K-12K,贵阳,1-3年,本科,"['-两年以上 Python 开发经验，精通网络编程、HTTP 协议', '- 熟悉 HTML/JS/CS、DOM、PHP/Python、Django； 熟悉主流前端框架；', '- 熟悉微信相关第三方开发接口应用', '- 熟悉服务器部署、安全、架构，及Mysql数据库', '- 拥有良好的代码习惯，结构清晰，命名规范，逻辑性强，认同单元测试', '- 善于思考，能独立分析和解决问题', '- 责任心强，具备良好的团队合作精神和承受压力的能力', '- 熟练使用 Git，熟悉 Pull Request 工作流']"
正本网络,Python,8K-16K,福州,经验不限,不限,"['岗位职责：', '1.负责设计和开发分布式网络爬虫系统，进行多平台信息的抓取和分析工作；', '2.负责网页信息和APP数据抽取、清洗、消重等工作', '3.负责采集策略和防屏蔽规则，提升数据采集的效率和质量；', '4.实时监控爬虫的进度和警报反馈；', '任职要求：', '1.熟悉Linux系统，掌握Java 、Python、C++等语言；', '2.了解多线程、多进程、网络通信编程相关知识，有分布式爬虫架构，数据挖掘经验；', '3.掌握网页抓取原理及技术，了解基于Cookie的登录原理，熟悉基于正则表达式、XPath、CSS等网页信息抽取技术；', '4.熟悉APP模拟及接口验签破解技术，了解APP用户授权访问机制，掌握Selenium，APP破解技术优先；']"
学妹科技,Python,10K-15K,上海,1-3年,高中,"['学妹科技诚招小伙伴：', 'django后台开发工程师', '岗位职责：', '参与产品相关的技术选型', '优化系统可扩展性，保障系统快速迭代', '负责整体工作流程制定', '对系统性能及瓶颈提出优化策略', '开发服务器后台系统和后端组件优化', '任职要求：', '计算机相关专业，3年以上大型互联网系统开发经验，1年以上系统架构设计经验', '领导过5人以上的技术研发团队，良好的架构设计和技术指导能力', '熟悉Linux开发平台，熟悉Python，使用Django框架独立开发过项目', '有海量请求下的服务器和数据库优化经验', '熟练使用MySQL数据库，熟悉Redis等NoSQL数据库', '有较强的逻辑思维能力，能快速融入团队，工作认真负责，能承受较大工作压力', '加分项：', '熟练使用RabbitMQ或类似技术栈', '具备微服务架构思想', 'github', 'RestFrameWork编写风格', '工作时间：', '⒈朝九晚六', '⒉周一至周六上班周日休', '3.带薪休假，每年春节放假15天']"
数字驱动,Python工程师,8K-12K,福州,1-3年,本科,"['【DDG-数字驱动】', 'DDG是由一群来自一线互联网大厂的同事们创办的公司。过去数年里，我们一直从事大数据，个性化推荐挖掘，研究与应用。', '现在我们正在做一个超级棒的项目，准确的说是一个社交媒体。这个媒体，不仅会帮助用户更好的获取资讯，还能帮助他们找到自己的兴趣圈子。', '【DDG的文化】', '扁平化，是那种很扁很扁的……', '快速，我们希望快点，再快点。', '执行力，不怕你错，怕不做。', '学习力，你会接触真正意义上的个性化推荐，内容分发的核心原理与机制。常态式的培训。', '沟通力，说吧，没啥不能说的。', '如果你还能聪明点，主动点就完美了。', '【这个岗位是做什么的】', '负责类似今日头条，腾讯新闻等大型资讯类应用的数据采集及提取处理', '参与制定爬虫类算法及后期的策咯优化', '其他要求：', '1、大专及以上学历，计算机及相关专业，3年以上工作经验；', '2、熟悉linux及ubuntu开发平台，掌握python语言，有php及java经验者优先；', '3、有网络爬虫，采集资讯类信息等相关经验者优先；', '4、熟悉Python网络通信和数据库编程；', '5、能熟练使用Mysql，精通redis等缓存数据库系统；', '6、有高并发网络编程经验者优先；', '7、具备独立解决问题的能力，具有良好的沟通能力与需求理解能力。', '【我们需要这样的你】', '1、思路清晰，勤奋谦虚；如果脑洞超大我们更喜欢；', '2、对移动互联网敏感，学习能力超强，节奏超快。', '【DDG-我们为您提供】', '1、有竞争力的薪酬', '2、干货满满的培训', '3、吃不完的零食，关键还是免费。', '4、超级棒的工作氛围', '5、期权！期权！期权！货真价实的期权！', '6、带薪休假', '7、五险一金及其他满满的福利']"
健信,Python,6K-10K,郑州,经验不限,本科,"['信息安全攻防产品研发工程师', '职位描述：', '1、负责网络攻防实验项目编程，具有丰富研发设计能力。至少精通python编程语言。', '2、负责教育类攻防实验产品整体解决方案撰写，市场营销策划方案撰写；', '3、配合落实攻防实验产品技术架构、技术方案等；', '岗位要求：', '1.\xa0熟悉网络体系结构、TCP/IP协议，具有扎实的信息安全理论知识；', '2.熟悉高教、高职安全攻防实验室开发经验优先；', '3. 熟练掌握防火墙、IDS、IPS、等安全设备的配置与管理；具备数据通信或安全类产品（Switch、Router、FW、IPS、WAF等）整体解决方案经验优先；', '4.具备较强的逻辑分析和方案编写能力，能撰写相关的技术方案文档并向客户进行讲解和演示；\xa0主动性强，具有良好的沟通、协调和组织能力和文档编写能力']"
富士机电,Python开发工程师,10K-20K,天津,1-3年,本科,"['Python开发工程师', '大学本科以上学历，男女不限。', '可熟练运用Python语言，对算法精通，有较扎实的数学基础。', '具有项目开发经验。', '富士机电(天津)有限公司是一个面向国际市场的跨国高科技企业，是从事人工智能自动驾驶的专业公司。经过二十多年奋战在高科技领域创造了独特的无监督机器学习，以及解决了可以跨越欧几里德空间与概率空间的距离的世界难题，形成完整的新一代人工智能SDL模型，在自动驾驶领域中申请了超越国际著名大公司的专利']"
纬创,java+Python,8K-14K,大连,3-5年,本科,"['三年以上开发经验，掌握java和Python；', '英语读写没问题，可以简单沟通；', '英语可熟练沟通者可以放宽年限（两年以上）。']"
集微科技,Python开发工程师,7K-14K,厦门,经验不限,本科,"['岗位职责：', '1、参与公司公有云平台整体架构设计与搭建；', '2、负责OPENSTACK各模块的开发工作；', '3、负责云平台各模块的测试优化；', '4、负责对云平台运营团队提供支持。', '5、负责将公司现有业务逐渐迁移到云平台。', '任职要求：', '1、熟悉Python语言，有1年以上开发和设计经验；', '2、理解openstack架构，包括计算，存储，网络，界面等组件；', '3、具备Openstack某一模块的二次开发经验；', '4、熟悉Openstack某一个模块的架构、原理和优化，熟悉Openstack源码；', '5、具备扎实的技术功底，熟悉linux操作系统及linux环境编程；', '6、熟悉虚拟化及容器技术（KVM/Docker）者优先；', '7、熟悉分布式存储技术（Ceph）者优先；', '8、熟悉SDN相关技术（iptable/ebtable/bridge/Openflow/VXLAN）者优先；', '9、具备自我学习能力，积极向上，团队合作', '厦门集微科技是北京百悟科技的全资子公司。位于集美区创业大厦11、12层。集微科技是具备国际水准的移动互联网商务平台技术和应用方案提供商，业务覆盖全球200多个国家、全国400多个城市，为超过300万家企业提供专业的企业通信、云计算、大数据、物联网等服务，与几乎所有顶级互联网品牌客户达成战略合作关系。']"
北京澳嘉伟业咨询,Python工程师（爬虫）,10K-15K,沈阳,3-5年,本科,"['岗位职责:', '1参与软件项目周期的大部分工作,包括分析,设计', '开发等工作;', '2,能够根据项目的实际需要,进行技术方案的分析,选', '型;', '3,发现和解决系统开发中存在的技术问题,解决关键的', '技术难题。', '4,对支付宝微信web规则,比较精通。任职要求:1', '本科及以上学历,计算机,软件工程,信息管理计算', '机应用等理,工专业;', '2,3年以上Python开发经验,2年以上python服务端开发', '经验;', '3,熟练掌握Django或者其他Python Web开发框架,熟', '悉html,js,css,jquery等web开发者优先;', '4,具备数据库设计能力,熟练掌握MySql者优先;', '5,有大型网络服务开发,在高并发,高稳定性方面有经', '验者优先;', '6,熟悉Linux操作系统,熟悉Apache/Tomcat/Ngnix等', 'Web Server的部署和应用;', '7具备良好的编码习惯及开发文档书写习惯;', '8具有优秀的团队合作和沟通协作能力,善于学习,乐', '于分享,能承受较大工作压力。', '上班时间:9:00-18:00']"
小砖科技,大数据开发实习生intern（python）,3K-4K,北京,应届生,本科,"['职位诱惑：', '#国际文化 #快速成长#大牛同行 #环境轻松 #饮料小吃 #SCRUM', '职位描述：', '1.基于大量数据之上，针对业务场景需求的设计研发工作', '2.参与分析统计、数据仓库的设计搭建及优化工作', '3.对数据进行可视化和二次开发', '任职要求：', '1.大学本科或研究生在校生，欢迎2018、2019级学生，计算机相关专业或有相关职位经验有良好的数学基础；', '2.了解机器学习常用算法，具备自然语言处理、特征分析等方面的基础知识；', '3.熟悉hadoop、hive、spark的体系结构，原理和特性；', '4.对hadoop生态系统有一定的了解熟悉java，有发编程经验；', '5.可以熟练使用python、shell等脚本语言；', '6.熟悉linux操作系统熟悉mysql、redis、memcached、mongoDB有海量数据的分析能力和处理优化过程的经验。', '职位诱惑：', '#国际文化 #快速成长 #环境轻松 #饮料小吃 #SCRUM', '很多技术大牛可以帮助一起成长', '由加拿大UBC大学、SFU大学、清华大学等著名大学校友创办. 目前获得晨兴资本Pre-A轮千万级投资, 项目快速成长中.', '目前产品已经在app store和小程序发布(""核淘租房、拼室友、合租超人""), 如果你想和我们一样帮助小伙伴们更便捷的找到自己的小窝, 认可我们的产品的话, 一起来加入我们吧']"
星关系,Python Web开发,7K-14K,郑州,3-5年,本科,"['工作职责：', '1. 参与公司产品的技术架构设计，使用Flask进行开发，', '2. 参与/负责研发过程中的关键问题和技术难点；', '3. 代码框架设计、代码编写，技术攻关。', '任职要求：', '1.计算机及相关专业，专科及以上学历，具有较强的英语阅读能力；', '2.工作经验3年以上；', '3.熟练掌握、深刻理解python编程技术，熟练掌握web开发技术；', '4.熟练使用html、css、js等前端语言；', '5.良好的数据结构和算法设计能力；', '6.具备较强技术文档编写能力，能够熟练编写简洁、规范、有效的设计文档。']"
成天软件,python爬虫开发工程师,4K-7K,南通,1-3年,本科,"['工作内容：', '1、设计和开发分布式爬虫和调度系统，负责爬虫核心算法和调度策略优化；', '2、负责网络信息搜集方向的研究与开发，应用海量网页抓取、信息精准抽取等搜索核心技术，构建高可用性、高可扩展性的网络信息搜集平台；', '3、熟悉爬虫的应用策略和网站的防爬机制，解决各类验证码识别机制，提升网页抓取的效率和质量；', '4、负责多个业务网站数据爬取、解析、过滤，清洗、消重、结构化处理等工作，提升平台的抓取效率。', '任职要求：', '1.大学本科及以上学历，计算机相关专业，基础扎实；', '2. Python工作经验3年以上，熟悉Python常用函数库，熟练掌握Xpath和正则表达式；', '3.精通常用Python爬虫框架中的一种或多种，熟悉Scrapy、Pyspider框架中的至少一种；', '4.熟练掌握MySql、Mongodb等SQL、NoSQL数据库，有丰富的mysql性能优化经验；', '5.熟练掌握网页抓取原理及解析技术，对SQL优化有一定的经验熟悉基于正则表达式、XPath、CSS等网页信息抽取技术；', '7.具有优秀的团队合作和沟通协作能力；', '8.具备良好的编码习惯及开发文档书写习惯。']"
环球易购,Python开发,15K-20K,深圳,1-3年,本科,"['工作职责：', '1、负责开发核心通用运维组件，包括健康监控、运维数据采集、性能报警、发布系统和其余自动化运维组件；', '2、与运维人员充分沟通，开发运维平台，保证产品的运维质量，保证产品正常运行；', '3、运维监控平台研发，能够主动学习新技术（如：OpenTSDB），熟悉Zabbix、Ganglia、Nagios或Open-Falcon 平台的二次开发，通过可量化指标，提升运维质量。', '任职资格：', '1、2年以上Python实际开发经验，有golang一年以上开发经验优先考虑；', '2、熟悉服务器和机房运维的运维技术，熟悉各种性能计数器、健康监控、网络协议、Active Directory、WMI、SNMP、Linux下的系统调用等各种API的其中一种；', '3、熟悉运维监控或自动化平台建设的优先考虑。', '4、有责任心，有良好的团队合作精神，有责任感，有较好的沟通能力，主动性强；', '5、拥有优秀的技术钻研能力和学习能力，并学以致用，敢于挑战新型运维平台建设。', '欢迎有兴趣运维监控及自动化的中高端人才加盟，共创美好未来。']"
软通动力,Python,10K-18K,成都,1-3年,本科,"['具有一年以上python测试或开发经验，统招本科以上学历。男女不限', '华为合资公司，承接华为定制软件，硬件和新资料开发测试任务。', '我们大量的项目业务模式已改为“项目化交付”，即客户提供预算，交付时间和需求，按期验收，其他全由软通团队负责。', '我们扩展很快，从2011年开始到现在超过200多个项目，3000余人规模。大量的新团队建设，老团队扩张，需要大量管理人员和技术专家加入']"
小斑马货栈,Python 开发工程师（天津）,15K-30K,天津,1-3年,本科,"['Python开发工程师', '2年经验+ base：天津', '公司介绍：', '小斑马货栈是一家致力于变革供应链行业的初创公司，如果你也有意愿参与到供应链行业的产品研发，期望做些有价值的事，那么请联系我们，一起做出变化。', '简历投递：*****', '岗位职责：', '1、参与公司系统产品的需求分析、设计和开发；', '2、负责具体业务模块的开发、优化工作；', '3、应用数据挖掘/机器学习等技术，针对用户行为及内容信息建模，挖掘潜在商业价值。', '4、负责运营团队提供支持，解决部署实施过程遇到的技术问题', '任职要求：', '1、 精通Python，2-3年以上Python开发经验，具有良好的编码习惯，熟悉常见的设计模式的python实现方式；', '2、精通Python服务端编程，熟悉Django/flask或者相关web开发框架；精通网络编程；', '3、熟悉Linux操作系统下的开发、部署、维护等工作；', '4、有良好的沟通能力、较强的学习或自学能力、较强的团队合作意识；热爱程序开发工作，有责任感；能适应出差。', '加分项：', '1、具有开源项目开发经验（需要提供github地址）。', '2、熟悉C／C++，并且有相关项目开发经验。', '3、有基于大数据挖掘分析、机器学习／深度学习、在线学习大型项目经验', '4、有ERP/OMS/WMS/金融等系统的项目开发经验。', '5、熟悉或者精通一种或者多种关系数据库的使用、设计和优化。', '团队现有75人，平均年龄24岁。创始团队由80-90后连续创业者，阿里、搜狗、网秦、新浪等知名互联网公司高管，国内大数据专家，知名物流软件企业高管组成。']"
有戏网络,python服务端开发工程师,15K-30K,武汉,3-5年,大专,"['岗位职责：', '1、负责服务器端架构设计、通讯协议设计、模块划分；', '2、负责性能、网络、数据等方面的优化；', '3、实现技术难点、关键框架代码、核心逻辑代码；', '4、保证服务端的稳定性、可扩展性、安全性和效率；', '5、相关的工具开发，相关文档的书写。', '任职要求：', '1、本科以上学历，3年以上端游、页游或手游服务端开发经验；', '2、熟悉python及相关的库，熟悉linux环境；', '3、熟悉多线程、多进程、socket、数据库等相关技术；', '4、具有较强的架构能力，具备服务器性能及代码性能优化能力，具备高并发流量下的请求处理经验；', '5、热爱游戏开发，高度的工作责任心，思维严谨，逻辑清晰，注重工作效率，具备技术难点攻关能力。']"
帝联网络,python开发,6K-8K,南通,1-3年,本科,"['职责描述：', '1. 负责配合开发解决问题，并对系统和应用进行性能调优。', '2. 负责保障服务器的安全，解决实际的系统和应用问题。', '3. 负责在自动化运维、部署等方面引进、改善或开发高效实用的工具，提高运维效率。', '任职要求：', '1、精通 Linux 操作系统、常用软件的安装、配置、管理及基本故障排除。', '2、熟悉 Python ，具备开发能力，能够进行运维工具的开发。', '3、熟练 shell 脚本，能利用其完成日常运维工作。', '4、高度的责任感，善于在工作中学习，能够承受工作压力。', '5、具有构建分布式任务系统经验（Celery/RabbitMQ/Redis）。']"
万物超体,python 实习,3K-4K,北京,经验不限,本科,"['1. 有python 语言基础；', '2. 熟悉django；', '3. 了解html、css、js 相关技术；', '4. 了解requests,scrapy 爬虫持术；', '19毕业在校学生；', '北京万物超体智能科技有限公司成立于2016年', '公司的核心创始人均来自国内知名互联网公司高层', '公司未来的发展方向：人工智能金融', '公司的近期目标：专注于证券、期货量化交易', '公司的理念：关注前沿科技，探索人类新领域。']"
拓叭吧科技有限公司,python工程师,4K-6K,杭州,应届生,本科,"['岗位职责：', '1、依据技术需求或产品研发方向，参与数据平台、技术预研以及应用系统的软件开发工作', '2、参与软件工程系统的设计、开发、测试等过程；', '3、制作场景中所需要的模型以及场景中针对特定物体的glsl脚本的编写', '4、 领导安排的其他工作；', '任职要求：', '1、计算机相关专业本科及以上学历', '2、熟悉常见linux系统的指令', '3、熟练掌握sql语句的编写，熟悉mysql', '4、熟悉或擅长python后台框架（如Django、Tornado）中的一种或多种', '5、有微信公众号后台开发经验（基于python语言）', '6、有人工智能相关开源python库或者图形界面开发项目经验者优先。', '7、有一定图形学基础、了解gui编程 第三方库wxwidget、qt、gtk中一种或者多种，了解游戏开发相关流程者优先', '8、此岗位欢迎特别优秀的应届毕业生投递', '杭州拓叭吧科技有限公司（简称“拓叭吧科技”），公司成立于2016年3月。公司聘请德国卡尔斯鲁厄理工学院的院士Jivka Ovtcharova教授为首席科学家，技术团队由德国著名KIT物理学家、KIT信息学专家、KIT嵌入式工程师 以及国内技术人才组成，致力于智能驾驶产品研发。以科技的力量颠覆中国传统驾培格局。']"
飞秒科技,Python量化工程师,8K-15K,杭州,经验不限,本科,"['工作职责：', '1. 公司量化交易平台的研发和维护，数据分析', '2. 维护实盘交易系统，日常数据收集系统等，并更新改进及统计分析工作，保证交易策略有效、稳定实施。', '任职要求：', '1、熟悉python（熟练使用numpy,pandas等工具包）编程；', '2. 对投资有激情，自我驱动，投入时间和精力钻研投资方法。', '3. 具有较强的统计分析能力; 良好的心理素质, 沟通协作能力和团队意识。', '自2011年起从事低延时程序化交易，全部以公司自有资金参与期货，股票，期权等交易并长期稳定盈利。公司拥有自主知识产权的低延时程序化交易平台，多种交易策略。布局区块链研发，数字货币钱包等业务。']"
大熊科技,Python,5K-10K,大连,1-3年,本科,"['基于开源ERP系统odoo的二次开发。', '主要工作内容为定制开发odoo的销售模块，生产模块。', '有odoo工作经验者优先考虑。', '前期需要工作时间保证， 薪资按月， 具体可联系：*****', '业务咨询: 张庆华', '微信/电话: *****，fujisoftboy', '敏捷电商团队']"
思途共享科技,Python,12K-15K,青岛,5-10年,本科,"['技能要求：', '1、3年以上Python编程经验；如有Java经验，后转Python，经验年限可放低。', '2、精通django等常用开发框架，有网络爬虫经验优先；', '3、熟练使用Mysql等关系型数据库；', '4、熟练使用HTML，CSS，JavaScript，JQuery；', '5、熟悉python机器学习实战；', '6、熟悉Linux下Shell、Python两种脚本语言；', '岗位职责：', '1.按照教学大纲完成授课任务；', '2.研发python课程教案等；', '思途团队近三年一直在稳定翻倍，为扩大一线人员的数量，必须增加强有力的中高层。公司盈利模式非常明确，第一个五年计划10-15已经全部完成，第二个五年计划也已经制定，培养中层，培养带动指导一线优秀团队，18年目标突破2500万，19年扎根山东，2020立足北京辐射多省，目标1个亿，增加品牌影响力，目标品牌估值20亿']"
龙之门教育集团,Python工程师,6K-10K,东莞,1-3年,本科,"['1. 负责公司网站的WEB后端框架层及业务层的实现', '2. 负责公司应用设计、功能实现并进行测试，部署及维护', '任职要求：', '1. 计算机或相关专业本科及以上学历，有扎实的计算机基础知识，2年以上工作经验。', '2. 熟悉Python语言，熟练掌握Django、Web.py、Tornado、Flask等至少1个Web开发框架。', '3. 熟悉多线程编程。', '4. 熟悉SQL语言，熟悉MySQL或者PostgreSQ', '5. 有MongoDB、Redis、Memcached经验者优先']"
程果教育,python讲师,4K-7K,安庆,经验不限,不限,"['1、完成相关的教学资料（实训大纲、教学PPT、教学用书、教学案例等）的研发工作；', '2、按照教学规范和教学大纲高质量完成Python课程的授课任务；', '3、带领学员参加实训并指导学员完成实操项目；', '4、根据学生及市场需要，高质量完成公开课、讲座、网络直播课等授课任务；', '5、结合搜索引擎的发展变化，实时改进教学方法，完善教学体系；', '6、完成课程辅导工作，解答学员课程疑问，保证学员的学习质量；', '7、配合其它部门和集团完成相关工作。', '要求：', '1.熟悉面向对象的设计思想，熟悉RESTful web service规范；', '2.精通Python语言，熟练使用Python标准库和流行的第三方库；', '3.熟悉TCP/IP协议及HTTP协议, 了解基本的前端技术，HTML、CSS、JS、Ajax等；', '4.熟练使用mongoDB，Redis', '5.对代码和设计质量有严格要求，重视Code Review，知道良好的编程习惯的标准；', '6.具备强烈的责任心，对工作有激情，良好的沟通能力，良好的团队合作精神，能够承受一定的工作压力。']"
可里可里,Python爬虫,12K-18K,杭州,3-5年,本科,"['1、负责爬虫接口的设计与搭建；', '2、负责通过爬虫模拟人工业务流程的操作；', '3、对web登录及反爬虫屏蔽具有相应的应对策略；', '4、负责已有爬虫接口项目的维护及二次开发工作；', '5、负责爬取公司业务相关的信息收集。', '任职要求：', '1、熟悉各种Web前端技术，包括HTML／XML／JavaScript／AJAX／JSON等；', '2、熟练掌握python，熟悉linux开发环境，可进行简单维护与脚本编写;', '3、有验证码识别技术、AJAX采集技术以及爬虫高并发技术处理经验者优先；', '4、能承受一定工作压力，以解决技术难题为乐趣，有想法，敢于挑战。']"
百先得,Python,7K-8K,温州,1年以内,不限,"['１、用python开发Odoo客户新模块，２、整合Odoo的web应用程序３、安装，维护和监控Odoo服务器。 要求：1:熟练使用Python语言，3年以上相关经验2:熟悉常用web前端开发技术，包括JavaScript,HTML/CSS等3:了解或掌握Odoo技术框架，有ERP相关工作经验尤佳。']"
多者金融,Python 高级工程师,8K-15K,大连,3-5年,不限,"['岗位要求：', '1、 有扎实的基本功，熟练使用Linux，Git等相关工具；', '2、具备3年以上基于python大数据开发、服务端开发或研究经验；', '3、精通python开发，熟悉python各类webservice框架（django、flask、tornado等），熟悉pandas，numpy，scipy等数据处理包', '4、熟练使用SQL，熟悉主流数据库SQL Server、MYSQL等', '5、能够完成核心产品代码的研发工作，解决项目中关键问题和技术问题；', '6、熟悉数据挖掘算法以及具备模型部署经验为佳；', '7、了解机器学习等相关知识', '顶尖技术大牛带队', '创始团队均来自一线互联网金融企业，拥有丰富实操经验。公司成立以来，成长速度见证团队实力。互联网公司，人才是企业发展的生命力。']"
燃塑科技,python 工程师,20K-35K,北京,3-5年,本科,"['岗位职责：', '1 、负责产品线后台的设计和开发工作；', '2 、负责系统架构设计、数据库结构设计、业务逻辑抽象等编码工作；', '3. 不断优化现有的产品，努力提高系统速度，稳定性和可扩展性，不断提升用户体验；', '任职要求：', '1、统招本科学历，计算机相关专业。', '2、基础扎实，熟练掌握Python，3年以上开发经验；', '3、熟悉 flask、django 或  tornado 等框架；', '4、熟悉MySQL、MongoDB、Redis数据库和多线程编程；', '5、实际编程能力强；', '6、学习能力、责任感强，有较强的沟通能力；']"
昱然智能,Python开发工程师,6K-12K,北京,1-3年,大专,"['职位描述：', '1、搭建系统开发环境，完成系统框架和核心代码的实现，负责解决开发过程中的技术问题；', '2、负责Python技术的相关产品规划、需求、设计、开发、测试等研发工作；', '3、负责公司产品后期维护和开发。', '任职要求：', '1、熟练掌握编程基础知识，熟悉网络编程、多线程编程、大规模文本数据处理等，有良好代码风格；一年以上的Python项目开发经验；', '2、负责运维自动化平台及其组件的设计和开发（主要是CMDB模块），搭建基础运维架构，编写自动运维脚本。', '3、负责优化、改进运维支持系统，并保证其安全高效稳定的运行。', '4、吃苦耐劳，善于学习，善于接受新事物，解决新问题，具备良好的学习能力和成长潜力，渴望和团队一起快速成长；有数据清洗经验，逻辑思维能力强更佳。']"
福日集团,Python,6K-8K,青岛,1-3年,本科,"['1.一年以上python开发经验，熟悉Python主流框架如Django，了解Tornado，Flask特点', '2.熟悉Mysql，熟悉Memcached，Redis等常见NoSQL数据存储', '3.有良好的编码习惯，对代码和设计质量有严格要求，重视Code  Review', '4.自我驱动，创新和团队精神，乐于沟通分享，热爱开源～']"
大亲家,Python 后端开发工程师,7K-10K,上海,3-5年,本科,"['1、二年以上Python开发经验，有独立设计大规模数据处理和分析系统的经验和能力；', '2、精通 Python 语言, 熟悉 Django以及django-restframework, 并有2年以上该框架的开发经验；', '3、熟练 使用 MySQL、Redis、MongoDB、RabbitMQ 等第三方组件；', '4、熟悉 大规模高并发访问的Web应用开发经验者优先；', '5、熟悉 Linux系统，具备编写shell脚本能力；', '6、熟悉 Git，GitHub 开发流程；', '7、具有良好的编程思想、沟通、团队合作精神、优秀的分析问题和解决问题的能力。', '年轻海归团队：', 'CEO：上海交大本科，全奖留学法国；福布斯中国30岁以下30位青年精英；饿了么团队成员；任行网创始人。', 'COO：上海外国语大学本科，马赛高商金融硕士；两次成功创业经验；', 'CTO：华东理工大学本科，全栈工程师；', 'CMO：巴黎高商金融硕士，企业管理博士；欧洲最大跨境电商联合创始人，屈臣氏欧洲供应商。']"
竞网集团,python运维开发工程师,10K-13K,长沙,3-5年,大专,"['岗位工作：', '1、负责和支撑SaaS 平台的系统业务运维工作；', '2、运维平台二次定制与产品化。', '任职资格：', '1、计算机相关专业，三年以上Linux运维经验,拥有RHCE证书优先。', '2、有python运维工具开发经验；', '3、熟练掌握docker 等开源技术优先。', '4、工作积极主动，学习能力强，具有强烈的责任心、良好的沟通和协调能力以及良好的沟通团队合作能力；']"
众高电子商务有限公司,Python,8K-13K,长沙,1-3年,本科,"['1、专科以上学历，两年以上Python web后台 相关工作经验；', '2、精通掌握以下技术：Djiago框架 \xa0优化及故障处理；', '3、精通HTML5 css+js;', '4、精通掌握Mysql 和Postgresql数据库，能独立完成RAC的部署', '6、熟悉负载均衡、Nginx', '7、具备较强的学习能力和沟通能力；', '8、有过odoo开源二次开发经验者优先；', '9、有物流行业相关工作经历或相关产品开发经验优先；']"
乐谷游戏,Python程序员,10K-20K,武汉,3-5年,大专,"['岗位职责：', '1.负责手游服务器端维护与开发；', '2.负责手游服务器框架的优化与扩展；', '3.全面掌握现有的代码逻辑并能够快速定位问题与解决问题；', '', '基本要求：', '1.精通掌握python；', '2.熟悉mongodb、Mysql等数据库管理、开发、SQL调优；', '3.熟悉Unix/Linux操作系统原理，常用工具；', '4.熟悉网络程序开发，多线程、多进程、socket、大数据处理等；', '5.3年以上游戏后台开发经验，有过独立完整设计复杂系统功能的经验；', '6.较好的自学能力，能较快学习新技术，运用新技术开发小工具；', '7.负责对服务端相关的开发、测试、运营期的各种版本问题（包括故障和其', '他技术问题）及时解决；', '8.有过高并发，高性能分布式开发经验着优先考虑。']"
林氏木业,Python开发,8K-15K,佛山,1-3年,本科,"['主要职责：', '1.爬虫程序编写', '2.报表算法编写', '3.统计报表展示', '任职要求：', '1.2年以上相关工作经验，至少1年以上Python编程经验；', '2.精通Python语言，熟悉django、Flask、tornado等网络开发框架；', '3.熟悉Linux操作系统与linux shell命令；', '4.熟练使用mysql，redis等相关数据库；', '5.拥有良好的代码习惯，结构清晰，命名规范，逻辑性强。', '林氏木业，创立于2007年。一直以来，公司凭借先进高效的家具产业集群模式与强大的电商运营能力，更专注于产品品质与服务，给年轻的消费者带来舒适、时尚、便捷的家具购物体验。2014年，公司开辟了家居电商行业O2O模式，实现家具线上线下营销的双向联动，用创新思维推动家具行业的发展与提升。']"
点触科技,PYTHON程序员,8K-15K,厦门,1-3年,大专,"['岗位职责：', '1、负责游戏服务端功能的实现和业务开发；', '2、协助底层搭建和系统重构，维护系统的稳定运转；', '3、与客户端、策划沟通协调BUG修复及版本开发。', '任职要求：', '1、2年以上python开发使用经验，了解多种py框架或网络服务编程；', '2、对数据结构、OOP有扎实的基础，了解常用设计模式；', '3、熟悉大部分软件工程管理工具；', '4、具备良好的沟通技巧和团队精神，有良好的编码习惯和重构技巧；', '5、愿意学习新的框架和编程语言；', '6、有良好的产品意识，热爱游戏。']"
骏网互联,Python研发工程师,9K-18K,武汉,经验不限,大专,"['岗位职责:1、负责公司相关业务功能开发；2、负责服务接口的设计、开发、上线、维护；3、现有产品的升级维护、性能优化、功能改进及技术支持；4、根据产品需求，从技术角度进行评估，并给出建议；5、编写相关技术文档任职要求：1、计算机本科以上学历，3年以上相关工作经验；2、熟练掌握Python语言，有良好的编码风格，熟悉常见设计模式；3、能够独立完成需求分析、设计、程序框架搭建等工作；4、有MongoDB,MySQL,Redis等数据库相关开发经验，能完成业务数据库表的设计、优化；5、熟悉Linux操作系统，至少熟练掌握Flask、Tornado等其中一种WEB服务器框架；6、具备扎实的计算机基础，对数据机构和算法设计有充分理解；7、具有良好的沟通能力和团队合作精神、优秀的分析问题和解决问题的能力、高度的工作责任心和职业态度；', '人工智能营销软件解决服务提供商']"
无极云区块链互联网,python 高程,25K-40K,深圳,3-5年,本科,"['岗位职责：', '1、平台币种对接。', '2、自动化测试。', '3、创新产品研究。', '岗位要求:', '1、3年左右python经验，良好的代码习惯。', '3、熟练使用 Mysql、mongodb等至少一种数据库。', '4、熟练使用 Redis 服务。', '5、熟悉线上部署。', '6、计算机软件相关专业毕业，基础扎实。', '7、有良好的沟通、理解能力，逻辑思维强，能够独立思考以及解决问题。', '加分项:', '1、计算机相关专业', '2、区块链相关工作经验', '3、有github、技术博客请带上。']"
商迅在线,Python开发工程师,7K-13K,济南,3-5年,大专,"['岗位职责：', '1.     根据开发需求，设计软件架构；', '2.     开发服务端，服务器软件；', '3.     开发windows桌面软件；', '4.    对接硬件api，对接硬件的接口，实现与硬件的交互。', '任职要求：', '1.对Python语言有深入学习和理解；', '2.精通Django或PyQt，做过大中型项目；', '3.熟悉Socket编程，有相关开发经验；', '4.有并发、多线程处理经验。', '业务方向：智能硬件研发，涉及教育行业、智能家居、智慧社区等等，配备全套管理端，包括App控制端、Web管理端、软件客户端、软件服务端。', '福利待遇：五险一金+餐补+全勤奖+孝心基金+带薪事假+带薪年假+弹性工作时间+生日福利+节日礼品+大牛大咖们无私的技术分享\xad+创新活泼的团队氛围+丰富多彩的团建活动+人性化的公司管理+丰厚的年终奖金=温暖的商迅在线大家庭。http://www.gemar.net/', '如果你只是普普通通，你的薪资可能会在8000/月左右 ；', '如果你稍微有点优秀，你的薪资可以超过10000/月；', '如果你足够优秀，你的薪资可以超过12000/月；', '在商迅速在线，你可以快乐的赚钱，并实现人生的价值！', '看到这里是不是有点止不住的小心动了呢··心动不如行动··动动手指加入我们吧··', '联系电话：*****', '乘车路线：119、K160、202、K209【舜华路南口】下车，115、K146、K73、303、305、306、K301【高新开发区】下车,  116【舜泰广场】站下车即到。', '工作地址', '山东省济南市高新区舜泰广场10号楼9层']"
么么嗖,软件开发工程师（Python数据爬虫）,8K-16K,深圳,1-3年,本科,"['工作职责：', '1.开发网页自动化脚本；', '2.负责商品信息结构化，编写自动化脚本解析网页信息；', '3.商品索引系统：亿级SKU的库存价格实时跟踪同步，并对商品进行智能分类、本地化、图片处理和去重；', '4.设计、开发、测试、部署以及维护并改进各子系统；', '5.管理项目优先级并按时交付。', '职位要求：', '1.全日制统招本科、硕士毕业（985/211优先），2年以上软件开发工作经验；', '2.熟悉至少一门通用静态编译编程语言，C/C++/Java/C#/Go；', '3.熟悉Web端基础标准，包括HTML、CSS、Javascript、Json等；', '4.熟悉Python或其他脚本语言，有兴趣和能力根据需求学习其他编程语言；', '5.熟悉Unix/Linux环境，Memcache/Redis/MongoDB等存储系统，能独立设计开发包括前后端交互的业务子系统；', '6.熟悉常见的设计模式、单元测试、持续开发集成、Code Review，并能在日常工作践行；', '7.了解搜索引擎、电子商务、社交类应用的系统基本架构，能对已有的子系统进行优化调整的优先；', '8.活跃的开源项目贡献者优先。']"
腾晖科技,Python,10K-20K,珠海,1-3年,本科,"['1.了解CNN或者LSTM等神经网络算法；', '2.熟悉至少一种深度学习框架，包括Caffe、Tensorflow、mxnet等；', '3.具有跟踪、人脸识别、车辆识别、reid相关应用背景、经验者优先；', '4.具有钻研和创造力，能够通过阅读论文学习最新算法和理论；', '5.要求责任心强，有良好的学习能力和协作精神，愿意接受挑战和承受工作压力要求；', '6.在CVPR，ICCV，ECCV，NIPS，ICLR，TPAMI等相关顶级学术会议期刊发表过相关论文者优先。']"
云图智联,Python,15K-30K,深圳,3-5年,本科,"['岗位：高级后端开发工程师（数据库及Python）', '职位要求', '该职位协助定制基于Python的Web应用程序的规划、设计、开发、发布、部署及维护，主要涉及到税务相关的数据分析及后端程序开发。', '性质和范围', '在技术方面，该职位会向后端总监或更高级别的技术人员报告。该职位既需要能独立开展工作，也是团队的一部分，例如配合产品经理进行开发，为内部和外部客户提供软件解决方案。', '基本职责', '与客户沟通协作，以了解他们的业务需求', '使用敏捷方法设计和开发完整的软件解决方案', '记录软件使用情况并根据需要开发培训材料', '维护和支持应用程序和数据库', '管理开发基础设施工具和服务', '与同行合作，开发创新解决方案', '关键素质', '良好的人际关系，良好的口头和书面沟通技巧，包括对软件代码的评论及注释', '能够在基于团队的环境中与各级技术人员进行有效沟通和互动', '具有批判性思维，能够有技巧地公开表达自己的不同意见', '具有很强的解决问题的能力', '能遵循标准操作规程，按照规范记录工作，并在接受适的监督', '具有强烈的求知欲望和对新技术的钻研精神', '所需技能', '扎实的Python功底', '有一定的Web应用程序开发经验，了解编写、调试和审查HTML，CSS，JavaScript', '了解Restful WebAPI服务的开发', '有各种网站开发框架的经验', '有Git版本控制系统的经验', '了解关系数据库和数据库设计（MySQL，MS SQL等）', '良好的人际关系，口头和书面沟通技巧，包括评论软件代码', '加分项', '熟悉Pandas、notebook等数据分析工具。', '熟悉数据仓库理论', '熟悉分布式数据库/文件系统（如Cassandra，HDFS等）', '有C、C++、JAVA等其他语言的软件开发经验', '熟悉Linux系统', '熟悉网络架构及协议', '了解敏捷软件开发方法', '接触过MVVM模式', '资格', '电子、计算机等工程或科学专业本科，3年相关经验。特别有能力者可放宽要求。', 'WisConT为所有雇员和申请人提供平等的就业机会（EEO），不分种族，肤色，宗教，性别，性取向，性别认同，国籍，残疾，退伍军人身份。', 'CEO李云曦博士', '剑桥大学博士；伦敦帝国理工学院AES研究中心工业协作成员；数据科学家，大数据、人工智能技术专家。', 'CTO Pedro Baize博士', '帝国理工学院博士。伦敦帝国理工学院AES研究中心工业应用主任，曾为帝国理工科学计算研究中心创始人兼副主任，博导；数据科学家，流体动力学专家，科学计算专家。']"
软唐信息科技,Python,5K-10K,无锡,3-5年,大专,"['1.工作内容:', 'A.开源ERP Odoo的二次开发及其他Web系统开发。', 'B.基于Python语言的AI、网络应用等的开发。', '2.经验要求:熟悉且熟练使用python语言及主流框架。', '3.能力要求:善于学习，有极大的进取心。', '注意:我们是一家初创公司，在招技术骨干。欢迎志同道合者加入，一块干一切皆有可能。无进取心者请路过！']"
云杉智达,python后端开发工程师,10K-18K,北京,3-5年,本科,"['【岗位职责】', '-参与需求分析，产品设计，功能开发；', '-负责系统平台的日常维护；', '-与团队技术交流，共同进步。', '【任职要求】', '-大学本科以上学历，计算机等相关专业；', '-两年以上python服务端开发经验，熟悉linux环境下的开发；', '-熟悉MVC架构，精通Tornado、Django、Flask等至少一个开发框架；', '-参与或主导过百万用户以上级别的互联网项目者优先；', '-具备良好的编码习惯及开发文档书写习惯；', '-具有优秀的团队合作和沟通协作能力，善于学习，乐于分享，能承受较大工作压力。']"
无境科技,Python 后端开发,10K-15K,珠海,1-3年,本科,"['职位描述', '1. 负责公司平台的架构和设计', '2. 负责平台的开发', '3. 编写开发文档', '职位要求', '1. 精通 Python,有2年以上 Python 开发经验', '2. 精通 Django/Tornado/Flask 等一种或者多种框架结构', '3. 精通数据库开发', '4. 熟悉HTML、CSS、Javascrip、Ajax', '5. 熟悉 Linux 工作环境，有 Nginx 使用经验', '6. 有良好的团队合作仪式，高度的责任感，善于主动发现问题', '7. 具备量好的编码习惯，有代码阅读能力和英文资料的阅读能力', '加分条件', '1. 有 iOS/Android 开发经验', '2. 在 Github 或者 StackOverFlow 上有特别贡献', '3. 有 LBS 开发经验', '4. 有个人技术博客并具有一定影响力']"
晒宝科技,Python程序员爬虫设计,4K-5K,深圳,1年以内,本科,"['岗位描述：', '人要在深圳，有时间才能做的！因为顶目开始前的沟通要面对面的。', '由公司指定爬取网址，及任务要求，双方商量报价约定完成时间，协商一致后，开始研发工作。爬虫研发完成后发送截图，确认效果，我方支付相应工资报酬，并进行测试，如有BUG，后续修修补补直到能用好用为止。', '岗位职责：', '1、对指定网站进行数据抓取，清洗以及汇总的开发工作。', '2、互联网网站，网页，链接的特征挖掘。', '3、负责系统日常运营资源调度优化及运营指标分析调优，并能实时监控爬虫的进度和警报反馈。', '4、负责特殊网页采集任务的分析及采集方案设计。', '任职要求：', '1. 数学，统计，计算机相关专业本科以上学历', '2. 熟悉Python以及数据分析相关工具，了解Shell', '3. 熟悉SQL语言，MySQL数据库', '工作地点：不限，按时完成任务即可。']"
外贸牛,python工程师,6K-12K,厦门,1-3年,本科,"['岗位职责：', '1、根据业务需求研究爬虫核心技术以及爬虫策略优化等；', '2、根据业务需求对文本、图片、视频数据抓取、清洗、存储等工作；', '3. 开发RESTFUL API等相关接口。', '4. 编写服务器布署脚本、各种工具脚本。', '任职资格：', '1、 熟练掌握Python语言，1年以上的python开发经验；', '2、 熟练使用scrapy爬虫框架完成抓取工作；', '3、 熟练使用正则表达式、Xpath等网页信息抽取技术，熟悉http/https协议；', '4、 熟悉urllib2和urllib', '5、 熟悉多线程编程、分布式计算，有分布式系统使用经验；', '6、 熟练使用Mysql、Redis 数据库优先；有社交媒体数据抓取经验的优先', '7、 性格开朗，善于交流，思路清晰，逻辑明确，有较强分析与解决问题能力，具有团队合作精神和责任心；', '8、 拥有良好的代码习惯，要求结构清晰，命名规范，逻辑性强，代码冗余率低；乐观向上，有较好的学习能力，良好的团队合作能力，善于沟通，独立解决问题。', '我们有阿里巴巴销售牛人，互联网外贸行的资深专家、谷歌优秀的SEOSEM专家，精于SNS营销的专家等 -----专业技术够硬', '我们有跟随公司一起成长的国宝级职员，有领军企业里看中我们的产品和发展前景而毅然决然加入的铁杆粉丝，有初入社会茫然一片，却在工作中看到遍地光芒的的新星90后，接下来加入的你会是咋样？']"
程果教育,Python讲师,4K-7K,池州,经验不限,不限,"['1、完成相关的教学资料（实训大纲、教学PPT、教学用书、教学案例等）的研发工作；', '2、按照教学规范和教学大纲高质量完成Python课程的授课任务；', '3、带领学员参加实训并指导学员完成实操项目；', '4、根据学生及市场需要，高质量完成公开课、讲座、网络直播课等授课任务；', '5、结合搜索引擎的发展变化，实时改进教学方法，完善教学体系；', '6、完成课程辅导工作，解答学员课程疑问，保证学员的学习质量；', '7、配合其它部门和集团完成相关工作。', '要求：', '1.熟悉面向对象的设计思想，熟悉RESTful web service规范；', '2.精通Python语言，熟练使用Python标准库和流行的第三方库；', '3.熟悉TCP/IP协议及HTTP协议, 了解基本的前端技术，HTML、CSS、JS、Ajax等；', '4.熟练使用mongoDB，Redis', '5.对代码和设计质量有严格要求，重视Code Review，知道良好的编程习惯的标准；', '6.具备强烈的责任心，对工作有激情，良好的沟通能力，良好的团队合作精神，能够承受一定的工作压力。']"
傲梦网络科技,python,5K-10K,西安,经验不限,本科,"['√编程达人\xa0\xa0√亲和力满分\xa0\xa0√热爱教育\xa0\xa0√沟通高手', '【职位描述】', 'l\xa0给孩子教授线上1对1编程课', 'l\xa0根据学员情况，制定学员个性化教案', 'l\xa0定期汇报备课情况和教学进度，积极反馈学员上课情况', '【岗位要求】', 'l\xa0全日制本科学历及以上，计算机、理科类专业', 'l\xa0至少精通一门编程语言，C、C++、Python、JS等等多多益善', '（以上面试通过者，本公司提供培训）']"
杭州默安科技有限公司,python（在校实习生）,5K-6K,杭州,经验不限,本科,"['岗位要求', '1、计算机专业大三在读或研究生研二优秀在读学生；', '2、熟悉python语言，并有相关python项目开发经验；', '3、熟悉TCP/IP网络编程，熟悉多线程编程；', '4、善于分析和解决问题，有责任心；', '5、有开源代码阅读的优先，有程序设计比赛经验的优先；', '6、有实习经验的优先。', '杭州默安科技有限公司成立于2016年4月，由原阿里安全部总监聂万泉、资深安全专家云舒、汪利辉三人联合创立。创始人具有十年以上的大型互联网公司安全从业经历。公司核心团队由来自于腾讯、阿里、趋势科技等顶尖企业的一线产品技术人员组成，具备丰富的安全技术实践经验和较强的创新能力。']"
徐州文旭信息技术公司,Python,5K-9K,徐州,1-3年,不限,"['欢迎技术老鸟来聊聊！闲聊闲聊！', '主要pc端软件研发', 'A5站长网是国内最大的草根站长交流中心，公司目前200多员工，独立部门十几个，每年固定团队旅游，法定节假日，正常缴纳法定保险。徐州文旭所属A5自媒体营销部门 团队80人+ 氛围很活跃 公司员工都是年轻人，欢迎有能力技术来公司一起闯天下。', '欢迎有能力的互联网运营 产品 技术等牛人 给我私信哟！']"
源伞,Python研发工程师,12K-24K,深圳,经验不限,本科,"['职位诱惑：', '玩转开源,系统达人', '职位描述：', '岗位职责：', '围绕源伞静态分析工具开发产品生态环境，定制产品和构造新的产品线，主要包括以下职责：', '1.      开源项目的定制和二次开发', '2.      云系统的开发：任务调度系统升级与维护，计算云、数据云升级与维护', '3.      Restful Api 开发与维护', '4.      命令行工具开发与维护', '', '岗位基本技能要求：', '较强Python C/C++ 语言能力和Linux系统熟悉程度', '熟悉make cmake等常见编译工具链', '基础Linux服务器运维能力', '熟悉flask、sqlalchemy等常用框架', '熟悉celery队列框架使用', '熟悉restful api设计规范和实现', '加分项：', '有任务调度系统项目经验、分布式系统经验、C/C++/QT项目经验、应用容器经验、喜爱开源项目优先', '有Web前端经验者优先', '专注于人工智能和编译器技术为企业服务，自动发现解释软件中的缺陷。我们依托于香港科技大学八年技术研究，致力于打造国际水平的中国制造。我们需要你的帮助，期待你加入我们的创始团队。公司资金充裕，处于高速发展阶段。你的到来，将作为公司的元老级员工与公司共同发展，以及有机会获得丰厚的期权。']"
莫比嗨客,Python web工程师,8K-10K,大连,1-3年,本科,"['岗位职责：', '1.\xa0设计并开发公司互联网产品和服务', '2.\xa0负责编写REST\xa0API类型的系统设计', '3.\xa0负责软件项目的测试', '4.\xa0负责项目文档撰写', '任职要求：', '1.\xa0熟悉Django、Flask、WebPy、Tornado等其中一种或多种框架', '2. 熟悉unix/linux操作系统', '3. 熟练使用\xa0Mysql\xa0和\xa0Redis、MongoDB\xa0等NoSQL数据库', '4. 有良好的编码习惯，对自己以及自己的代码要求严格', '5. 有较强的英文阅读和资料查找能力', '6. 有良好的工作协调能力和沟通能力，认真负责、敬业、良好的人际关系和团队合作精神。', '7. 能承受较大强度的工作压力，有团队精神和创新意识。', '8. 了解HTML,CSS,javascript和常用javascript\xa0mvc（Backbone,\xa0React,\xa0Angular）等前端框架其中一种或多钟']"
重庆极云海链,Python数据挖掘(区块链),4K-6K,重庆,1-3年,大专,"['岗位职责：', '1.负责设计和开发分布式网络爬虫系统，进行多平台信息的抓取和分析工作；', '2.负责网页信息和APP数据抽取、清洗、消重等工作，提升平台的抓取效率；', '3.参与爬虫核心算法和策略优化，熟悉采集系统的调度策略；', '4.实时监控爬虫的进度和警报反馈。', '任职要求：', '1.掌握Java 、Python等语言；', '2.了解多线程、多进程、网络通信编程相关知识，有分布式爬虫架构，数据挖掘经验；', '3.掌握网页抓取原理及技术，了解基于Cookie的登录原理，熟悉基于正则表达式、XPath、CSS等网页信息抽取技术；', '4. 5.做过数据处理、ETL等相关工作优先。']"
源码时代,Python程序员,7K-12K,成都,1-3年,本科,"['职位诱惑：', '补贴福利,五险一金,公司股权,出国旅游', '职位要求:', '1. 表达能力强，个性开朗，乐于与人交流。', '2. 熟练使用Linux/Unix系统，Linux/Mac 作为开发环境', '3.  2年以上相关工作经验，扎实的python基础，熟悉Django、Flask、web.py等web框架中的一种；', '4. 熟悉MySQL、Redis、MongoDB之一，熟悉数据库索引；', '5. 熟悉项目开发流程，熟练使用SVN/GIT等版本控制软件。', '6. 有三个以上的Python项目', '7. 年薪范围：9万-12万', '源码时代，是一家专注于IT职业教育的高科技公司，源码时代秉承“开放、创新、专注、共赢”的核心价值，致力于打造中国高端IT培训品牌，旨在为每一名前来培训的学子提供良好的服务。']"
云杉智达,python,8K-16K,北京,1-3年,本科,"['【岗位职责】', '-参与需求分析，产品设计，功能开发；', '-负责系统平台的日常维护；', '-与团队技术交流，共同进步。', '【任职要求】', '-大学本科以上学历，计算机等相关专业；', '-两年以上python服务端开发经验，熟悉linux环境下的开发；', '-熟悉MVC架构，精通Tornado、Django、Flask等至少一个开发框架；', '-参与或主导过百万用户以上级别的互联网项目者优先；', '-具备良好的编码习惯及开发文档书写习惯；', '-具有优秀的团队合作和沟通协作能力，善于学习，乐于分享，能承受较大工作压力。']"
壹博云天,Python人工智能开发助理,4K-8K,郑州,经验不限,大专,"['【岗位职责】', '1、使用主要编程语言python，负责web应用开发的技术工作；', '2、熟悉 Python 编程，熟悉 Linux 系统，熟悉 shell 编程；', '3、熟悉关系型数据库的使用与基本设计优化方法；', '4、良好的编码风格及测试习惯；', '任职要求：', '1、计算机(网络)、软件工程、电子技术、自动化、等理工科类相关专业；', '2、有计算机语言基础优先；', '3、有钻研精神和学习能力，团队合作能力；', '4、具有良好的自主学习能力，能够通过学习解决技术问题。', '公司福利及待遇：', '1、5天8小时，弹性工作时间，周末双休；', '2、公司按照国家规定实施假期制度，逢各大节日（端午、中秋等）发放假期礼品或过节费；', '3、公司为员工提供高于同行业同岗位的薪资待遇，每半年进行一次综合调薪；', '4、入职培训、在职培训、拓展训练、职能培训等；', '5、月度聚餐、员工旅游、文艺活动（晚会）等；', '6、生日礼物、免费午餐（计划中）、各类假期（婚假，产假等）']"
奥国,Python,5K-6K,北京,3-5年,本科,['webapp开发人员，喜欢从事教育行业对教育行业有深入了解。']
吉塔思,Python开发工程师,8K-15K,沈阳,3-5年,本科,"['岗位职责：', '1.针对企业的智能制造及人工智能产品进行python方向开发；', '2.配合项目经理完成相关开发工作；', '3.研究新技术，满足产品需求；', '4.完成领导分配的其他工作', '任职要求：', '1.本科及以上学历，3年以上Python开发经验；', '2.熟练掌握Django或者其他Python Web开发框架，熟悉html、js、css、jquery等web开发者优先；', '3.有大型网络服务开发，在高并发，高稳定性方面有经验者优先；', '4.熟悉办公软件', '沈阳吉塔思软件有限公司创立于2002年，公司以“尊重人才、超越技术、用心服务”为核心价值，一切以用户需求为中心。通过软件与服务的结合，软件与制造的结合，技术与行业管理能力的结合，提供行业解决方案和产品工程解决方案以及相关软件产品、平台及服务。']"
公平价,Python爬虫,8K-16K,成都,3-5年,本科,"['职位描述：', '1、承担web后端的技术工作，开发和维护公平价网站，主要编程语言是python', '2、参与搜索引擎，爬虫方向的开发工作', '3、参与需求分析，产品设计，功能开发；', '4、负责系统平台的日常维护；', '5、与团队技术交流，共同进步', '职位要求：', '1、热爱编程，精通至少一门开发语言，愿意深入学习Python；', '2、熟悉MVC架构、Django或者其他Python Web开发框架者优先；', '3、有大型网络服务开发，在高并发，高稳定性方面有经验者优先；', '4、具备良好的编码习惯及开发文档书写习惯；', '5、具有优秀的团队合作和沟通协作能力，善于学习，乐于分享，能承受较大工作压力；', '6、有一定的web前端技能，了解或熟悉HTML、CSS、Javascript；', '7、需要你勤奋、好学，有冲劲']"
Elight,Python,8K-15K,西安,3-5年,本科,"['工作内容：', '1.\xa0负责公司Odoo系统的需求分析、设计和开发', '2.\xa0实现Odoo系统与业务涉及的三方平台的集成和开发', '3.\xa0负责公司Odoo系统新功能培训，支撑公司业务运作', '4.  研究前瞻技术，优化系统方案', '工作需求：', '1.\xa03年以上Odoo(OpenERP)实施和开发经验，精通Odoo框架和Python库', '2.\xa0熟悉Python和PostgreSQL数据库', '3.\xa0熟悉JavaScript和CSS，有HTML5开发经验更佳', '4.  熟悉Linux操作系统，熟悉Shell脚本语言，git等代码管理', '5.\xa0本科以上学历，计算机相关专业。有较强的自学能力、外语沟通和团队协作能力更佳']"
嘀拍信息,Python后端开发工程师,10K-20K,南通,3-5年,大专,"['岗位职责:', '1. 承担公司业务后台系统的架构和设计；', '2. API的开发、设计和维护，承担核心功能、公共核心模块的代码编写；', '3. 具有很强的沟通协调能力，能与同事协同工作，并能对项目中的技术风险进行评估和应对；', '4. 负责分析业务领域比较复杂的问题，根据业务需求选择技术解决方案。', '任职要求:', '1. 3年以上工作经验（能力强者可适当缩短）；', '2. 3年以上 Linux/Unix 使用经验，有动态语言开发经验；', '3. 熟悉XML、JSON、SOAP协议，熟悉Python多线程应用开发，熟悉flask、tornado、django等开发框架；', '4. 需对Nginx、Apache、Tomcat、MySQL等有一定的开发及维护经验；', '5. 熟悉多种存储软件(如MySQL/PostgreSQL等)；', '6. 具备良好的识别和设计通用框架和模块的能力；', '7. 精通分布式、多线程、异步及高性能设计，会性能调优；', '8. 有很强的分析问题和解决问题的能力，强烈的责任感；', '9. 有良好的团队合作精神和表达沟通能力。', '嘀拍信息科技南通有限公司，坐落于南通文化创意园区12F，办公面积1000余平方，注册资本2000万元，公司文化中烙印着Lenovo人独有的专业研发与制作的基因。核心技术团队均来自于联想上海研究院，也是国内第一批从事AR/VR核心技术研发团队，并开发了联想首款AR Glasses（早Google一年）和 VR眼镜。']"
八九软件,Python,10K-11K,郑州,1-3年,本科,['人工智能经验者优先']
数字跳动科技,python开发,5K-8K,贵阳,1-3年,大专,"['工作内容：ERP开发维护【odoo二次开发】', '技能要求：熟练使用python.vue。linux开发环境，数学基础扎实']"
激发软件,Python,10K-11K,大连,1-3年,本科,"['Python web开发工程师。要求，熟悉HTML5/CSS3，JavaScript', '熟练掌握Python web开发，两年左右软件开发经验。']"
